model,mae,rmse,r2,pearson
lstm,0.003881224004820508,0.004985181519275516,-0.3695438652729537,0.0472925496579226
