model,mae,rmse,r2,pearson
tcn,0.004095095421327245,0.0054860719197614895,-0.6585821516685137,0.18902997169263464
